<?xml version="1.0" encoding="UTF-8"?>
<variants>
<c n="0041" v="0061"/>
<c n="0042" v="0062"/>
<c n="0043" v="0063"/>
<c n="0044" v="0064"/>
<c n="0045" v="0065"/>
<c n="0046" v="0066"/>
<c n="0047" v="0067"/>
<c n="0048" v="0068"/>
<c n="0049" v="0069,0130,0131"/>
<c n="004A" v="006A"/>
<c n="004B" v="006B,212A"/>
<c n="004C" v="006C"/>
<c n="004D" v="006D"/>
<c n="004E" v="006E"/>
<c n="004F" v="006F"/>
<c n="0050" v="0070"/>
<c n="0051" v="0071"/>
<c n="0052" v="0072"/>
<c n="0053" v="0073,017F"/>
<c n="0054" v="0074"/>
<c n="0055" v="0075"/>
<c n="0056" v="0076"/>
<c n="0057" v="0077"/>
<c n="0058" v="0078"/>
<c n="0059" v="0079"/>
<c n="005A" v="007A"/>
<c n="0061" v="0041"/>
<c n="0062" v="0042"/>
<c n="0063" v="0043"/>
<c n="0064" v="0044"/>
<c n="0065" v="0045"/>
<c n="0066" v="0046"/>
<c n="0067" v="0047"/>
<c n="0068" v="0048"/>
<c n="0069" v="0049,0130,0131"/>
<c n="006A" v="004A"/>
<c n="006B" v="004B,212A"/>
<c n="006C" v="004C"/>
<c n="006D" v="004D"/>
<c n="006E" v="004E"/>
<c n="006F" v="004F"/>
<c n="0070" v="0050"/>
<c n="0071" v="0051"/>
<c n="0072" v="0052"/>
<c n="0073" v="0053,017F"/>
<c n="0074" v="0054"/>
<c n="0075" v="0055"/>
<c n="0076" v="0056"/>
<c n="0077" v="0057"/>
<c n="0078" v="0058"/>
<c n="0079" v="0059"/>
<c n="007A" v="005A"/>
<c n="00B5" v="039C,03BC"/>
<c n="00C0" v="00E0"/>
<c n="00C1" v="00E1"/>
<c n="00C2" v="00E2"/>
<c n="00C3" v="00E3"/>
<c n="00C4" v="00E4"/>
<c n="00C5" v="00E5,212B"/>
<c n="00C6" v="00E6"/>
<c n="00C7" v="00E7"/>
<c n="00C8" v="00E8"/>
<c n="00C9" v="00E9"/>
<c n="00CA" v="00EA"/>
<c n="00CB" v="00EB"/>
<c n="00CC" v="00EC"/>
<c n="00CD" v="00ED"/>
<c n="00CE" v="00EE"/>
<c n="00CF" v="00EF"/>
<c n="00D0" v="00F0"/>
<c n="00D1" v="00F1"/>
<c n="00D2" v="00F2"/>
<c n="00D3" v="00F3"/>
<c n="00D4" v="00F4"/>
<c n="00D5" v="00F5"/>
<c n="00D6" v="00F6"/>
<c n="00D8" v="00F8"/>
<c n="00D9" v="00F9"/>
<c n="00DA" v="00FA"/>
<c n="00DB" v="00FB"/>
<c n="00DC" v="00FC"/>
<c n="00DD" v="00FD"/>
<c n="00DE" v="00FE"/>
<c n="00E0" v="00C0"/>
<c n="00E1" v="00C1"/>
<c n="00E2" v="00C2"/>
<c n="00E3" v="00C3"/>
<c n="00E4" v="00C4"/>
<c n="00E5" v="00C5,212B"/>
<c n="00E6" v="00C6"/>
<c n="00E7" v="00C7"/>
<c n="00E8" v="00C8"/>
<c n="00E9" v="00C9"/>
<c n="00EA" v="00CA"/>
<c n="00EB" v="00CB"/>
<c n="00EC" v="00CC"/>
<c n="00ED" v="00CD"/>
<c n="00EE" v="00CE"/>
<c n="00EF" v="00CF"/>
<c n="00F0" v="00D0"/>
<c n="00F1" v="00D1"/>
<c n="00F2" v="00D2"/>
<c n="00F3" v="00D3"/>
<c n="00F4" v="00D4"/>
<c n="00F5" v="00D5"/>
<c n="00F6" v="00D6"/>
<c n="00F8" v="00D8"/>
<c n="00F9" v="00D9"/>
<c n="00FA" v="00DA"/>
<c n="00FB" v="00DB"/>
<c n="00FC" v="00DC"/>
<c n="00FD" v="00DD"/>
<c n="00FE" v="00DE"/>
<c n="00FF" v="0178"/>
<c n="0100" v="0101"/>
<c n="0101" v="0100"/>
<c n="0102" v="0103"/>
<c n="0103" v="0102"/>
<c n="0104" v="0105"/>
<c n="0105" v="0104"/>
<c n="0106" v="0107"/>
<c n="0107" v="0106"/>
<c n="0108" v="0109"/>
<c n="0109" v="0108"/>
<c n="010A" v="010B"/>
<c n="010B" v="010A"/>
<c n="010C" v="010D"/>
<c n="010D" v="010C"/>
<c n="010E" v="010F"/>
<c n="010F" v="010E"/>
<c n="0110" v="0111"/>
<c n="0111" v="0110"/>
<c n="0112" v="0113"/>
<c n="0113" v="0112"/>
<c n="0114" v="0115"/>
<c n="0115" v="0114"/>
<c n="0116" v="0117"/>
<c n="0117" v="0116"/>
<c n="0118" v="0119"/>
<c n="0119" v="0118"/>
<c n="011A" v="011B"/>
<c n="011B" v="011A"/>
<c n="011C" v="011D"/>
<c n="011D" v="011C"/>
<c n="011E" v="011F"/>
<c n="011F" v="011E"/>
<c n="0120" v="0121"/>
<c n="0121" v="0120"/>
<c n="0122" v="0123"/>
<c n="0123" v="0122"/>
<c n="0124" v="0125"/>
<c n="0125" v="0124"/>
<c n="0126" v="0127"/>
<c n="0127" v="0126"/>
<c n="0128" v="0129"/>
<c n="0129" v="0128"/>
<c n="012A" v="012B"/>
<c n="012B" v="012A"/>
<c n="012C" v="012D"/>
<c n="012D" v="012C"/>
<c n="012E" v="012F"/>
<c n="012F" v="012E"/>
<c n="0130" v="0049,0069"/>
<c n="0131" v="0049,0069"/>
<c n="0132" v="0133"/>
<c n="0133" v="0132"/>
<c n="0134" v="0135"/>
<c n="0135" v="0134"/>
<c n="0136" v="0137"/>
<c n="0137" v="0136"/>
<c n="0139" v="013A"/>
<c n="013A" v="0139"/>
<c n="013B" v="013C"/>
<c n="013C" v="013B"/>
<c n="013D" v="013E"/>
<c n="013E" v="013D"/>
<c n="013F" v="0140"/>
<c n="0140" v="013F"/>
<c n="0141" v="0142"/>
<c n="0142" v="0141"/>
<c n="0143" v="0144"/>
<c n="0144" v="0143"/>
<c n="0145" v="0146"/>
<c n="0146" v="0145"/>
<c n="0147" v="0148"/>
<c n="0148" v="0147"/>
<c n="014A" v="014B"/>
<c n="014B" v="014A"/>
<c n="014C" v="014D"/>
<c n="014D" v="014C"/>
<c n="014E" v="014F"/>
<c n="014F" v="014E"/>
<c n="0150" v="0151"/>
<c n="0151" v="0150"/>
<c n="0152" v="0153"/>
<c n="0153" v="0152"/>
<c n="0154" v="0155"/>
<c n="0155" v="0154"/>
<c n="0156" v="0157"/>
<c n="0157" v="0156"/>
<c n="0158" v="0159"/>
<c n="0159" v="0158"/>
<c n="015A" v="015B"/>
<c n="015B" v="015A"/>
<c n="015C" v="015D"/>
<c n="015D" v="015C"/>
<c n="015E" v="015F"/>
<c n="015F" v="015E"/>
<c n="0160" v="0161"/>
<c n="0161" v="0160"/>
<c n="0162" v="0163"/>
<c n="0163" v="0162"/>
<c n="0164" v="0165"/>
<c n="0165" v="0164"/>
<c n="0166" v="0167"/>
<c n="0167" v="0166"/>
<c n="0168" v="0169"/>
<c n="0169" v="0168"/>
<c n="016A" v="016B"/>
<c n="016B" v="016A"/>
<c n="016C" v="016D"/>
<c n="016D" v="016C"/>
<c n="016E" v="016F"/>
<c n="016F" v="016E"/>
<c n="0170" v="0171"/>
<c n="0171" v="0170"/>
<c n="0172" v="0173"/>
<c n="0173" v="0172"/>
<c n="0174" v="0175"/>
<c n="0175" v="0174"/>
<c n="0176" v="0177"/>
<c n="0177" v="0176"/>
<c n="0178" v="00FF"/>
<c n="0179" v="017A"/>
<c n="017A" v="0179"/>
<c n="017B" v="017C"/>
<c n="017C" v="017B"/>
<c n="017D" v="017E"/>
<c n="017E" v="017D"/>
<c n="017F" v="0053,0073"/>
<c n="0180" v="0243"/>
<c n="0181" v="0253"/>
<c n="0182" v="0183"/>
<c n="0183" v="0182"/>
<c n="0184" v="0185"/>
<c n="0185" v="0184"/>
<c n="0186" v="0254"/>
<c n="0187" v="0188"/>
<c n="0188" v="0187"/>
<c n="0189" v="0256"/>
<c n="018A" v="0257"/>
<c n="018B" v="018C"/>
<c n="018C" v="018B"/>
<c n="018E" v="01DD"/>
<c n="018F" v="0259"/>
<c n="0190" v="025B"/>
<c n="0191" v="0192"/>
<c n="0192" v="0191"/>
<c n="0193" v="0260"/>
<c n="0194" v="0263"/>
<c n="0195" v="01F6"/>
<c n="0196" v="0269"/>
<c n="0197" v="0268"/>
<c n="0198" v="0199"/>
<c n="0199" v="0198"/>
<c n="019A" v="023D"/>
<c n="019C" v="026F"/>
<c n="019D" v="0272"/>
<c n="019E" v="0220"/>
<c n="019F" v="0275"/>
<c n="01A0" v="01A1"/>
<c n="01A1" v="01A0"/>
<c n="01A2" v="01A3"/>
<c n="01A3" v="01A2"/>
<c n="01A4" v="01A5"/>
<c n="01A5" v="01A4"/>
<c n="01A6" v="0280"/>
<c n="01A7" v="01A8"/>
<c n="01A8" v="01A7"/>
<c n="01A9" v="0283"/>
<c n="01AC" v="01AD"/>
<c n="01AD" v="01AC"/>
<c n="01AE" v="0288"/>
<c n="01AF" v="01B0"/>
<c n="01B0" v="01AF"/>
<c n="01B1" v="028A"/>
<c n="01B2" v="028B"/>
<c n="01B3" v="01B4"/>
<c n="01B4" v="01B3"/>
<c n="01B5" v="01B6"/>
<c n="01B6" v="01B5"/>
<c n="01B7" v="0292"/>
<c n="01B8" v="01B9"/>
<c n="01B9" v="01B8"/>
<c n="01BC" v="01BD"/>
<c n="01BD" v="01BC"/>
<c n="01BF" v="01F7"/>
<c n="01C4" v="01C5,01C6"/>
<c n="01C5" v="01C4,01C6"/>
<c n="01C6" v="01C4,01C5"/>
<c n="01C7" v="01C8,01C9"/>
<c n="01C8" v="01C7,01C9"/>
<c n="01C9" v="01C7,01C8"/>
<c n="01CA" v="01CB,01CC"/>
<c n="01CB" v="01CA,01CC"/>
<c n="01CC" v="01CA,01CB"/>
<c n="01CD" v="01CE"/>
<c n="01CE" v="01CD"/>
<c n="01CF" v="01D0"/>
<c n="01D0" v="01CF"/>
<c n="01D1" v="01D2"/>
<c n="01D2" v="01D1"/>
<c n="01D3" v="01D4"/>
<c n="01D4" v="01D3"/>
<c n="01D5" v="01D6"/>
<c n="01D6" v="01D5"/>
<c n="01D7" v="01D8"/>
<c n="01D8" v="01D7"/>
<c n="01D9" v="01DA"/>
<c n="01DA" v="01D9"/>
<c n="01DB" v="01DC"/>
<c n="01DC" v="01DB"/>
<c n="01DD" v="018E"/>
<c n="01DE" v="01DF"/>
<c n="01DF" v="01DE"/>
<c n="01E0" v="01E1"/>
<c n="01E1" v="01E0"/>
<c n="01E2" v="01E3"/>
<c n="01E3" v="01E2"/>
<c n="01E4" v="01E5"/>
<c n="01E5" v="01E4"/>
<c n="01E6" v="01E7"/>
<c n="01E7" v="01E6"/>
<c n="01E8" v="01E9"/>
<c n="01E9" v="01E8"/>
<c n="01EA" v="01EB"/>
<c n="01EB" v="01EA"/>
<c n="01EC" v="01ED"/>
<c n="01ED" v="01EC"/>
<c n="01EE" v="01EF"/>
<c n="01EF" v="01EE"/>
<c n="01F1" v="01F2,01F3"/>
<c n="01F2" v="01F1,01F3"/>
<c n="01F3" v="01F1,01F2"/>
<c n="01F4" v="01F5"/>
<c n="01F5" v="01F4"/>
<c n="01F6" v="0195"/>
<c n="01F7" v="01BF"/>
<c n="01F8" v="01F9"/>
<c n="01F9" v="01F8"/>
<c n="01FA" v="01FB"/>
<c n="01FB" v="01FA"/>
<c n="01FC" v="01FD"/>
<c n="01FD" v="01FC"/>
<c n="01FE" v="01FF"/>
<c n="01FF" v="01FE"/>
<c n="0200" v="0201"/>
<c n="0201" v="0200"/>
<c n="0202" v="0203"/>
<c n="0203" v="0202"/>
<c n="0204" v="0205"/>
<c n="0205" v="0204"/>
<c n="0206" v="0207"/>
<c n="0207" v="0206"/>
<c n="0208" v="0209"/>
<c n="0209" v="0208"/>
<c n="020A" v="020B"/>
<c n="020B" v="020A"/>
<c n="020C" v="020D"/>
<c n="020D" v="020C"/>
<c n="020E" v="020F"/>
<c n="020F" v="020E"/>
<c n="0210" v="0211"/>
<c n="0211" v="0210"/>
<c n="0212" v="0213"/>
<c n="0213" v="0212"/>
<c n="0214" v="0215"/>
<c n="0215" v="0214"/>
<c n="0216" v="0217"/>
<c n="0217" v="0216"/>
<c n="0218" v="0219"/>
<c n="0219" v="0218"/>
<c n="021A" v="021B"/>
<c n="021B" v="021A"/>
<c n="021C" v="021D"/>
<c n="021D" v="021C"/>
<c n="021E" v="021F"/>
<c n="021F" v="021E"/>
<c n="0220" v="019E"/>
<c n="0222" v="0223"/>
<c n="0223" v="0222"/>
<c n="0224" v="0225"/>
<c n="0225" v="0224"/>
<c n="0226" v="0227"/>
<c n="0227" v="0226"/>
<c n="0228" v="0229"/>
<c n="0229" v="0228"/>
<c n="022A" v="022B"/>
<c n="022B" v="022A"/>
<c n="022C" v="022D"/>
<c n="022D" v="022C"/>
<c n="022E" v="022F"/>
<c n="022F" v="022E"/>
<c n="0230" v="0231"/>
<c n="0231" v="0230"/>
<c n="0232" v="0233"/>
<c n="0233" v="0232"/>
<c n="023A" v="2C65"/>
<c n="023B" v="023C"/>
<c n="023C" v="023B"/>
<c n="023D" v="019A"/>
<c n="023E" v="2C66"/>
<c n="023F" v="2C7E"/>
<c n="0240" v="2C7F"/>
<c n="0241" v="0242"/>
<c n="0242" v="0241"/>
<c n="0243" v="0180"/>
<c n="0244" v="0289"/>
<c n="0245" v="028C"/>
<c n="0246" v="0247"/>
<c n="0247" v="0246"/>
<c n="0248" v="0249"/>
<c n="0249" v="0248"/>
<c n="024A" v="024B"/>
<c n="024B" v="024A"/>
<c n="024C" v="024D"/>
<c n="024D" v="024C"/>
<c n="024E" v="024F"/>
<c n="024F" v="024E"/>
<c n="0250" v="2C6F"/>
<c n="0251" v="2C6D"/>
<c n="0252" v="2C70"/>
<c n="0253" v="0181"/>
<c n="0254" v="0186"/>
<c n="0256" v="0189"/>
<c n="0257" v="018A"/>
<c n="0259" v="018F"/>
<c n="025B" v="0190"/>
<c n="0260" v="0193"/>
<c n="0263" v="0194"/>
<c n="0265" v="A78D"/>
<c n="0266" v="A7AA"/>
<c n="0268" v="0197"/>
<c n="0269" v="0196"/>
<c n="026B" v="2C62"/>
<c n="026F" v="019C"/>
<c n="0271" v="2C6E"/>
<c n="0272" v="019D"/>
<c n="0275" v="019F"/>
<c n="027D" v="2C64"/>
<c n="0280" v="01A6"/>
<c n="0283" v="01A9"/>
<c n="0288" v="01AE"/>
<c n="0289" v="0244"/>
<c n="028A" v="01B1"/>
<c n="028B" v="01B2"/>
<c n="028C" v="0245"/>
<c n="0292" v="01B7"/>
<c n="0345" v="0399,03B9,1FBE"/>
<c n="0370" v="0371"/>
<c n="0371" v="0370"/>
<c n="0372" v="0373"/>
<c n="0373" v="0372"/>
<c n="0376" v="0377"/>
<c n="0377" v="0376"/>
<c n="037B" v="03FD"/>
<c n="037C" v="03FE"/>
<c n="037D" v="03FF"/>
<c n="0386" v="03AC"/>
<c n="0388" v="03AD"/>
<c n="0389" v="03AE"/>
<c n="038A" v="03AF"/>
<c n="038C" v="03CC"/>
<c n="038E" v="03CD"/>
<c n="038F" v="03CE"/>
<c n="0391" v="03B1"/>
<c n="0392" v="03B2,03D0"/>
<c n="0393" v="03B3"/>
<c n="0394" v="03B4"/>
<c n="0395" v="03B5,03F5"/>
<c n="0396" v="03B6"/>
<c n="0397" v="03B7"/>
<c n="0398" v="03B8,03D1,03F4"/>
<c n="0399" v="0345,03B9,1FBE"/>
<c n="039A" v="03BA,03F0"/>
<c n="039B" v="03BB"/>
<c n="039C" v="00B5,03BC"/>
<c n="039D" v="03BD"/>
<c n="039E" v="03BE"/>
<c n="039F" v="03BF"/>
<c n="03A0" v="03C0,03D6"/>
<c n="03A1" v="03C1,03F1"/>
<c n="03A3" v="03C2,03C3"/>
<c n="03A4" v="03C4"/>
<c n="03A5" v="03C5"/>
<c n="03A6" v="03C6,03D5"/>
<c n="03A7" v="03C7"/>
<c n="03A8" v="03C8"/>
<c n="03A9" v="03C9,2126"/>
<c n="03AA" v="03CA"/>
<c n="03AB" v="03CB"/>
<c n="03AC" v="0386"/>
<c n="03AD" v="0388"/>
<c n="03AE" v="0389"/>
<c n="03AF" v="038A"/>
<c n="03B1" v="0391"/>
<c n="03B2" v="0392,03D0"/>
<c n="03B3" v="0393"/>
<c n="03B4" v="0394"/>
<c n="03B5" v="0395,03F5"/>
<c n="03B6" v="0396"/>
<c n="03B7" v="0397"/>
<c n="03B8" v="0398,03D1,03F4"/>
<c n="03B9" v="0345,0399,1FBE"/>
<c n="03BA" v="039A,03F0"/>
<c n="03BB" v="039B"/>
<c n="03BC" v="00B5,039C"/>
<c n="03BD" v="039D"/>
<c n="03BE" v="039E"/>
<c n="03BF" v="039F"/>
<c n="03C0" v="03A0,03D6"/>
<c n="03C1" v="03A1,03F1"/>
<c n="03C2" v="03A3,03C3"/>
<c n="03C3" v="03A3,03C2"/>
<c n="03C4" v="03A4"/>
<c n="03C5" v="03A5"/>
<c n="03C6" v="03A6,03D5"/>
<c n="03C7" v="03A7"/>
<c n="03C8" v="03A8"/>
<c n="03C9" v="03A9,2126"/>
<c n="03CA" v="03AA"/>
<c n="03CB" v="03AB"/>
<c n="03CC" v="038C"/>
<c n="03CD" v="038E"/>
<c n="03CE" v="038F"/>
<c n="03CF" v="03D7"/>
<c n="03D0" v="0392,03B2"/>
<c n="03D1" v="0398,03B8"/>
<c n="03D5" v="03A6,03C6"/>
<c n="03D6" v="03A0,03C0"/>
<c n="03D7" v="03CF"/>
<c n="03D8" v="03D9"/>
<c n="03D9" v="03D8"/>
<c n="03DA" v="03DB"/>
<c n="03DB" v="03DA"/>
<c n="03DC" v="03DD"/>
<c n="03DD" v="03DC"/>
<c n="03DE" v="03DF"/>
<c n="03DF" v="03DE"/>
<c n="03E0" v="03E1"/>
<c n="03E1" v="03E0"/>
<c n="03E2" v="03E3"/>
<c n="03E3" v="03E2"/>
<c n="03E4" v="03E5"/>
<c n="03E5" v="03E4"/>
<c n="03E6" v="03E7"/>
<c n="03E7" v="03E6"/>
<c n="03E8" v="03E9"/>
<c n="03E9" v="03E8"/>
<c n="03EA" v="03EB"/>
<c n="03EB" v="03EA"/>
<c n="03EC" v="03ED"/>
<c n="03ED" v="03EC"/>
<c n="03EE" v="03EF"/>
<c n="03EF" v="03EE"/>
<c n="03F0" v="039A,03BA"/>
<c n="03F1" v="03A1,03C1"/>
<c n="03F2" v="03F9"/>
<c n="03F4" v="0398,03B8"/>
<c n="03F5" v="0395,03B5"/>
<c n="03F7" v="03F8"/>
<c n="03F8" v="03F7"/>
<c n="03F9" v="03F2"/>
<c n="03FA" v="03FB"/>
<c n="03FB" v="03FA"/>
<c n="03FD" v="037B"/>
<c n="03FE" v="037C"/>
<c n="03FF" v="037D"/>
<c n="0400" v="0450"/>
<c n="0401" v="0451"/>
<c n="0402" v="0452"/>
<c n="0403" v="0453"/>
<c n="0404" v="0454"/>
<c n="0405" v="0455"/>
<c n="0406" v="0456"/>
<c n="0407" v="0457"/>
<c n="0408" v="0458"/>
<c n="0409" v="0459"/>
<c n="040A" v="045A"/>
<c n="040B" v="045B"/>
<c n="040C" v="045C"/>
<c n="040D" v="045D"/>
<c n="040E" v="045E"/>
<c n="040F" v="045F"/>
<c n="0410" v="0430"/>
<c n="0411" v="0431"/>
<c n="0412" v="0432"/>
<c n="0413" v="0433"/>
<c n="0414" v="0434"/>
<c n="0415" v="0435"/>
<c n="0416" v="0436"/>
<c n="0417" v="0437"/>
<c n="0418" v="0438"/>
<c n="0419" v="0439"/>
<c n="041A" v="043A"/>
<c n="041B" v="043B"/>
<c n="041C" v="043C"/>
<c n="041D" v="043D"/>
<c n="041E" v="043E"/>
<c n="041F" v="043F"/>
<c n="0420" v="0440"/>
<c n="0421" v="0441"/>
<c n="0422" v="0442"/>
<c n="0423" v="0443"/>
<c n="0424" v="0444"/>
<c n="0425" v="0445"/>
<c n="0426" v="0446"/>
<c n="0427" v="0447"/>
<c n="0428" v="0448"/>
<c n="0429" v="0449"/>
<c n="042A" v="044A"/>
<c n="042B" v="044B"/>
<c n="042C" v="044C"/>
<c n="042D" v="044D"/>
<c n="042E" v="044E"/>
<c n="042F" v="044F"/>
<c n="0430" v="0410"/>
<c n="0431" v="0411"/>
<c n="0432" v="0412"/>
<c n="0433" v="0413"/>
<c n="0434" v="0414"/>
<c n="0435" v="0415"/>
<c n="0436" v="0416"/>
<c n="0437" v="0417"/>
<c n="0438" v="0418"/>
<c n="0439" v="0419"/>
<c n="043A" v="041A"/>
<c n="043B" v="041B"/>
<c n="043C" v="041C"/>
<c n="043D" v="041D"/>
<c n="043E" v="041E"/>
<c n="043F" v="041F"/>
<c n="0440" v="0420"/>
<c n="0441" v="0421"/>
<c n="0442" v="0422"/>
<c n="0443" v="0423"/>
<c n="0444" v="0424"/>
<c n="0445" v="0425"/>
<c n="0446" v="0426"/>
<c n="0447" v="0427"/>
<c n="0448" v="0428"/>
<c n="0449" v="0429"/>
<c n="044A" v="042A"/>
<c n="044B" v="042B"/>
<c n="044C" v="042C"/>
<c n="044D" v="042D"/>
<c n="044E" v="042E"/>
<c n="044F" v="042F"/>
<c n="0450" v="0400"/>
<c n="0451" v="0401"/>
<c n="0452" v="0402"/>
<c n="0453" v="0403"/>
<c n="0454" v="0404"/>
<c n="0455" v="0405"/>
<c n="0456" v="0406"/>
<c n="0457" v="0407"/>
<c n="0458" v="0408"/>
<c n="0459" v="0409"/>
<c n="045A" v="040A"/>
<c n="045B" v="040B"/>
<c n="045C" v="040C"/>
<c n="045D" v="040D"/>
<c n="045E" v="040E"/>
<c n="045F" v="040F"/>
<c n="0460" v="0461"/>
<c n="0461" v="0460"/>
<c n="0462" v="0463"/>
<c n="0463" v="0462"/>
<c n="0464" v="0465"/>
<c n="0465" v="0464"/>
<c n="0466" v="0467"/>
<c n="0467" v="0466"/>
<c n="0468" v="0469"/>
<c n="0469" v="0468"/>
<c n="046A" v="046B"/>
<c n="046B" v="046A"/>
<c n="046C" v="046D"/>
<c n="046D" v="046C"/>
<c n="046E" v="046F"/>
<c n="046F" v="046E"/>
<c n="0470" v="0471"/>
<c n="0471" v="0470"/>
<c n="0472" v="0473"/>
<c n="0473" v="0472"/>
<c n="0474" v="0475"/>
<c n="0475" v="0474"/>
<c n="0476" v="0477"/>
<c n="0477" v="0476"/>
<c n="0478" v="0479"/>
<c n="0479" v="0478"/>
<c n="047A" v="047B"/>
<c n="047B" v="047A"/>
<c n="047C" v="047D"/>
<c n="047D" v="047C"/>
<c n="047E" v="047F"/>
<c n="047F" v="047E"/>
<c n="0480" v="0481"/>
<c n="0481" v="0480"/>
<c n="048A" v="048B"/>
<c n="048B" v="048A"/>
<c n="048C" v="048D"/>
<c n="048D" v="048C"/>
<c n="048E" v="048F"/>
<c n="048F" v="048E"/>
<c n="0490" v="0491"/>
<c n="0491" v="0490"/>
<c n="0492" v="0493"/>
<c n="0493" v="0492"/>
<c n="0494" v="0495"/>
<c n="0495" v="0494"/>
<c n="0496" v="0497"/>
<c n="0497" v="0496"/>
<c n="0498" v="0499"/>
<c n="0499" v="0498"/>
<c n="049A" v="049B"/>
<c n="049B" v="049A"/>
<c n="049C" v="049D"/>
<c n="049D" v="049C"/>
<c n="049E" v="049F"/>
<c n="049F" v="049E"/>
<c n="04A0" v="04A1"/>
<c n="04A1" v="04A0"/>
<c n="04A2" v="04A3"/>
<c n="04A3" v="04A2"/>
<c n="04A4" v="04A5"/>
<c n="04A5" v="04A4"/>
<c n="04A6" v="04A7"/>
<c n="04A7" v="04A6"/>
<c n="04A8" v="04A9"/>
<c n="04A9" v="04A8"/>
<c n="04AA" v="04AB"/>
<c n="04AB" v="04AA"/>
<c n="04AC" v="04AD"/>
<c n="04AD" v="04AC"/>
<c n="04AE" v="04AF"/>
<c n="04AF" v="04AE"/>
<c n="04B0" v="04B1"/>
<c n="04B1" v="04B0"/>
<c n="04B2" v="04B3"/>
<c n="04B3" v="04B2"/>
<c n="04B4" v="04B5"/>
<c n="04B5" v="04B4"/>
<c n="04B6" v="04B7"/>
<c n="04B7" v="04B6"/>
<c n="04B8" v="04B9"/>
<c n="04B9" v="04B8"/>
<c n="04BA" v="04BB"/>
<c n="04BB" v="04BA"/>
<c n="04BC" v="04BD"/>
<c n="04BD" v="04BC"/>
<c n="04BE" v="04BF"/>
<c n="04BF" v="04BE"/>
<c n="04C0" v="04CF"/>
<c n="04C1" v="04C2"/>
<c n="04C2" v="04C1"/>
<c n="04C3" v="04C4"/>
<c n="04C4" v="04C3"/>
<c n="04C5" v="04C6"/>
<c n="04C6" v="04C5"/>
<c n="04C7" v="04C8"/>
<c n="04C8" v="04C7"/>
<c n="04C9" v="04CA"/>
<c n="04CA" v="04C9"/>
<c n="04CB" v="04CC"/>
<c n="04CC" v="04CB"/>
<c n="04CD" v="04CE"/>
<c n="04CE" v="04CD"/>
<c n="04CF" v="04C0"/>
<c n="04D0" v="04D1"/>
<c n="04D1" v="04D0"/>
<c n="04D2" v="04D3"/>
<c n="04D3" v="04D2"/>
<c n="04D4" v="04D5"/>
<c n="04D5" v="04D4"/>
<c n="04D6" v="04D7"/>
<c n="04D7" v="04D6"/>
<c n="04D8" v="04D9"/>
<c n="04D9" v="04D8"/>
<c n="04DA" v="04DB"/>
<c n="04DB" v="04DA"/>
<c n="04DC" v="04DD"/>
<c n="04DD" v="04DC"/>
<c n="04DE" v="04DF"/>
<c n="04DF" v="04DE"/>
<c n="04E0" v="04E1"/>
<c n="04E1" v="04E0"/>
<c n="04E2" v="04E3"/>
<c n="04E3" v="04E2"/>
<c n="04E4" v="04E5"/>
<c n="04E5" v="04E4"/>
<c n="04E6" v="04E7"/>
<c n="04E7" v="04E6"/>
<c n="04E8" v="04E9"/>
<c n="04E9" v="04E8"/>
<c n="04EA" v="04EB"/>
<c n="04EB" v="04EA"/>
<c n="04EC" v="04ED"/>
<c n="04ED" v="04EC"/>
<c n="04EE" v="04EF"/>
<c n="04EF" v="04EE"/>
<c n="04F0" v="04F1"/>
<c n="04F1" v="04F0"/>
<c n="04F2" v="04F3"/>
<c n="04F3" v="04F2"/>
<c n="04F4" v="04F5"/>
<c n="04F5" v="04F4"/>
<c n="04F6" v="04F7"/>
<c n="04F7" v="04F6"/>
<c n="04F8" v="04F9"/>
<c n="04F9" v="04F8"/>
<c n="04FA" v="04FB"/>
<c n="04FB" v="04FA"/>
<c n="04FC" v="04FD"/>
<c n="04FD" v="04FC"/>
<c n="04FE" v="04FF"/>
<c n="04FF" v="04FE"/>
<c n="0500" v="0501"/>
<c n="0501" v="0500"/>
<c n="0502" v="0503"/>
<c n="0503" v="0502"/>
<c n="0504" v="0505"/>
<c n="0505" v="0504"/>
<c n="0506" v="0507"/>
<c n="0507" v="0506"/>
<c n="0508" v="0509"/>
<c n="0509" v="0508"/>
<c n="050A" v="050B"/>
<c n="050B" v="050A"/>
<c n="050C" v="050D"/>
<c n="050D" v="050C"/>
<c n="050E" v="050F"/>
<c n="050F" v="050E"/>
<c n="0510" v="0511"/>
<c n="0511" v="0510"/>
<c n="0512" v="0513"/>
<c n="0513" v="0512"/>
<c n="0514" v="0515"/>
<c n="0515" v="0514"/>
<c n="0516" v="0517"/>
<c n="0517" v="0516"/>
<c n="0518" v="0519"/>
<c n="0519" v="0518"/>
<c n="051A" v="051B"/>
<c n="051B" v="051A"/>
<c n="051C" v="051D"/>
<c n="051D" v="051C"/>
<c n="051E" v="051F"/>
<c n="051F" v="051E"/>
<c n="0520" v="0521"/>
<c n="0521" v="0520"/>
<c n="0522" v="0523"/>
<c n="0523" v="0522"/>
<c n="0524" v="0525"/>
<c n="0525" v="0524"/>
<c n="0526" v="0527"/>
<c n="0527" v="0526"/>
<c n="0531" v="0561"/>
<c n="0532" v="0562"/>
<c n="0533" v="0563"/>
<c n="0534" v="0564"/>
<c n="0535" v="0565"/>
<c n="0536" v="0566"/>
<c n="0537" v="0567"/>
<c n="0538" v="0568"/>
<c n="0539" v="0569"/>
<c n="053A" v="056A"/>
<c n="053B" v="056B"/>
<c n="053C" v="056C"/>
<c n="053D" v="056D"/>
<c n="053E" v="056E"/>
<c n="053F" v="056F"/>
<c n="0540" v="0570"/>
<c n="0541" v="0571"/>
<c n="0542" v="0572"/>
<c n="0543" v="0573"/>
<c n="0544" v="0574"/>
<c n="0545" v="0575"/>
<c n="0546" v="0576"/>
<c n="0547" v="0577"/>
<c n="0548" v="0578"/>
<c n="0549" v="0579"/>
<c n="054A" v="057A"/>
<c n="054B" v="057B"/>
<c n="054C" v="057C"/>
<c n="054D" v="057D"/>
<c n="054E" v="057E"/>
<c n="054F" v="057F"/>
<c n="0550" v="0580"/>
<c n="0551" v="0581"/>
<c n="0552" v="0582"/>
<c n="0553" v="0583"/>
<c n="0554" v="0584"/>
<c n="0555" v="0585"/>
<c n="0556" v="0586"/>
<c n="0561" v="0531"/>
<c n="0562" v="0532"/>
<c n="0563" v="0533"/>
<c n="0564" v="0534"/>
<c n="0565" v="0535"/>
<c n="0566" v="0536"/>
<c n="0567" v="0537"/>
<c n="0568" v="0538"/>
<c n="0569" v="0539"/>
<c n="056A" v="053A"/>
<c n="056B" v="053B"/>
<c n="056C" v="053C"/>
<c n="056D" v="053D"/>
<c n="056E" v="053E"/>
<c n="056F" v="053F"/>
<c n="0570" v="0540"/>
<c n="0571" v="0541"/>
<c n="0572" v="0542"/>
<c n="0573" v="0543"/>
<c n="0574" v="0544"/>
<c n="0575" v="0545"/>
<c n="0576" v="0546"/>
<c n="0577" v="0547"/>
<c n="0578" v="0548"/>
<c n="0579" v="0549"/>
<c n="057A" v="054A"/>
<c n="057B" v="054B"/>
<c n="057C" v="054C"/>
<c n="057D" v="054D"/>
<c n="057E" v="054E"/>
<c n="057F" v="054F"/>
<c n="0580" v="0550"/>
<c n="0581" v="0551"/>
<c n="0582" v="0552"/>
<c n="0583" v="0553"/>
<c n="0584" v="0554"/>
<c n="0585" v="0555"/>
<c n="0586" v="0556"/>
<c n="10A0" v="2D00"/>
<c n="10A1" v="2D01"/>
<c n="10A2" v="2D02"/>
<c n="10A3" v="2D03"/>
<c n="10A4" v="2D04"/>
<c n="10A5" v="2D05"/>
<c n="10A6" v="2D06"/>
<c n="10A7" v="2D07"/>
<c n="10A8" v="2D08"/>
<c n="10A9" v="2D09"/>
<c n="10AA" v="2D0A"/>
<c n="10AB" v="2D0B"/>
<c n="10AC" v="2D0C"/>
<c n="10AD" v="2D0D"/>
<c n="10AE" v="2D0E"/>
<c n="10AF" v="2D0F"/>
<c n="10B0" v="2D10"/>
<c n="10B1" v="2D11"/>
<c n="10B2" v="2D12"/>
<c n="10B3" v="2D13"/>
<c n="10B4" v="2D14"/>
<c n="10B5" v="2D15"/>
<c n="10B6" v="2D16"/>
<c n="10B7" v="2D17"/>
<c n="10B8" v="2D18"/>
<c n="10B9" v="2D19"/>
<c n="10BA" v="2D1A"/>
<c n="10BB" v="2D1B"/>
<c n="10BC" v="2D1C"/>
<c n="10BD" v="2D1D"/>
<c n="10BE" v="2D1E"/>
<c n="10BF" v="2D1F"/>
<c n="10C0" v="2D20"/>
<c n="10C1" v="2D21"/>
<c n="10C2" v="2D22"/>
<c n="10C3" v="2D23"/>
<c n="10C4" v="2D24"/>
<c n="10C5" v="2D25"/>
<c n="10C7" v="2D27"/>
<c n="10CD" v="2D2D"/>
<c n="1D79" v="A77D"/>
<c n="1D7D" v="2C63"/>
<c n="1E00" v="1E01"/>
<c n="1E01" v="1E00"/>
<c n="1E02" v="1E03"/>
<c n="1E03" v="1E02"/>
<c n="1E04" v="1E05"/>
<c n="1E05" v="1E04"/>
<c n="1E06" v="1E07"/>
<c n="1E07" v="1E06"/>
<c n="1E08" v="1E09"/>
<c n="1E09" v="1E08"/>
<c n="1E0A" v="1E0B"/>
<c n="1E0B" v="1E0A"/>
<c n="1E0C" v="1E0D"/>
<c n="1E0D" v="1E0C"/>
<c n="1E0E" v="1E0F"/>
<c n="1E0F" v="1E0E"/>
<c n="1E10" v="1E11"/>
<c n="1E11" v="1E10"/>
<c n="1E12" v="1E13"/>
<c n="1E13" v="1E12"/>
<c n="1E14" v="1E15"/>
<c n="1E15" v="1E14"/>
<c n="1E16" v="1E17"/>
<c n="1E17" v="1E16"/>
<c n="1E18" v="1E19"/>
<c n="1E19" v="1E18"/>
<c n="1E1A" v="1E1B"/>
<c n="1E1B" v="1E1A"/>
<c n="1E1C" v="1E1D"/>
<c n="1E1D" v="1E1C"/>
<c n="1E1E" v="1E1F"/>
<c n="1E1F" v="1E1E"/>
<c n="1E20" v="1E21"/>
<c n="1E21" v="1E20"/>
<c n="1E22" v="1E23"/>
<c n="1E23" v="1E22"/>
<c n="1E24" v="1E25"/>
<c n="1E25" v="1E24"/>
<c n="1E26" v="1E27"/>
<c n="1E27" v="1E26"/>
<c n="1E28" v="1E29"/>
<c n="1E29" v="1E28"/>
<c n="1E2A" v="1E2B"/>
<c n="1E2B" v="1E2A"/>
<c n="1E2C" v="1E2D"/>
<c n="1E2D" v="1E2C"/>
<c n="1E2E" v="1E2F"/>
<c n="1E2F" v="1E2E"/>
<c n="1E30" v="1E31"/>
<c n="1E31" v="1E30"/>
<c n="1E32" v="1E33"/>
<c n="1E33" v="1E32"/>
<c n="1E34" v="1E35"/>
<c n="1E35" v="1E34"/>
<c n="1E36" v="1E37"/>
<c n="1E37" v="1E36"/>
<c n="1E38" v="1E39"/>
<c n="1E39" v="1E38"/>
<c n="1E3A" v="1E3B"/>
<c n="1E3B" v="1E3A"/>
<c n="1E3C" v="1E3D"/>
<c n="1E3D" v="1E3C"/>
<c n="1E3E" v="1E3F"/>
<c n="1E3F" v="1E3E"/>
<c n="1E40" v="1E41"/>
<c n="1E41" v="1E40"/>
<c n="1E42" v="1E43"/>
<c n="1E43" v="1E42"/>
<c n="1E44" v="1E45"/>
<c n="1E45" v="1E44"/>
<c n="1E46" v="1E47"/>
<c n="1E47" v="1E46"/>
<c n="1E48" v="1E49"/>
<c n="1E49" v="1E48"/>
<c n="1E4A" v="1E4B"/>
<c n="1E4B" v="1E4A"/>
<c n="1E4C" v="1E4D"/>
<c n="1E4D" v="1E4C"/>
<c n="1E4E" v="1E4F"/>
<c n="1E4F" v="1E4E"/>
<c n="1E50" v="1E51"/>
<c n="1E51" v="1E50"/>
<c n="1E52" v="1E53"/>
<c n="1E53" v="1E52"/>
<c n="1E54" v="1E55"/>
<c n="1E55" v="1E54"/>
<c n="1E56" v="1E57"/>
<c n="1E57" v="1E56"/>
<c n="1E58" v="1E59"/>
<c n="1E59" v="1E58"/>
<c n="1E5A" v="1E5B"/>
<c n="1E5B" v="1E5A"/>
<c n="1E5C" v="1E5D"/>
<c n="1E5D" v="1E5C"/>
<c n="1E5E" v="1E5F"/>
<c n="1E5F" v="1E5E"/>
<c n="1E60" v="1E61,1E9B"/>
<c n="1E61" v="1E60,1E9B"/>
<c n="1E62" v="1E63"/>
<c n="1E63" v="1E62"/>
<c n="1E64" v="1E65"/>
<c n="1E65" v="1E64"/>
<c n="1E66" v="1E67"/>
<c n="1E67" v="1E66"/>
<c n="1E68" v="1E69"/>
<c n="1E69" v="1E68"/>
<c n="1E6A" v="1E6B"/>
<c n="1E6B" v="1E6A"/>
<c n="1E6C" v="1E6D"/>
<c n="1E6D" v="1E6C"/>
<c n="1E6E" v="1E6F"/>
<c n="1E6F" v="1E6E"/>
<c n="1E70" v="1E71"/>
<c n="1E71" v="1E70"/>
<c n="1E72" v="1E73"/>
<c n="1E73" v="1E72"/>
<c n="1E74" v="1E75"/>
<c n="1E75" v="1E74"/>
<c n="1E76" v="1E77"/>
<c n="1E77" v="1E76"/>
<c n="1E78" v="1E79"/>
<c n="1E79" v="1E78"/>
<c n="1E7A" v="1E7B"/>
<c n="1E7B" v="1E7A"/>
<c n="1E7C" v="1E7D"/>
<c n="1E7D" v="1E7C"/>
<c n="1E7E" v="1E7F"/>
<c n="1E7F" v="1E7E"/>
<c n="1E80" v="1E81"/>
<c n="1E81" v="1E80"/>
<c n="1E82" v="1E83"/>
<c n="1E83" v="1E82"/>
<c n="1E84" v="1E85"/>
<c n="1E85" v="1E84"/>
<c n="1E86" v="1E87"/>
<c n="1E87" v="1E86"/>
<c n="1E88" v="1E89"/>
<c n="1E89" v="1E88"/>
<c n="1E8A" v="1E8B"/>
<c n="1E8B" v="1E8A"/>
<c n="1E8C" v="1E8D"/>
<c n="1E8D" v="1E8C"/>
<c n="1E8E" v="1E8F"/>
<c n="1E8F" v="1E8E"/>
<c n="1E90" v="1E91"/>
<c n="1E91" v="1E90"/>
<c n="1E92" v="1E93"/>
<c n="1E93" v="1E92"/>
<c n="1E94" v="1E95"/>
<c n="1E95" v="1E94"/>
<c n="1E9B" v="1E60,1E61"/>
<c n="1EA0" v="1EA1"/>
<c n="1EA1" v="1EA0"/>
<c n="1EA2" v="1EA3"/>
<c n="1EA3" v="1EA2"/>
<c n="1EA4" v="1EA5"/>
<c n="1EA5" v="1EA4"/>
<c n="1EA6" v="1EA7"/>
<c n="1EA7" v="1EA6"/>
<c n="1EA8" v="1EA9"/>
<c n="1EA9" v="1EA8"/>
<c n="1EAA" v="1EAB"/>
<c n="1EAB" v="1EAA"/>
<c n="1EAC" v="1EAD"/>
<c n="1EAD" v="1EAC"/>
<c n="1EAE" v="1EAF"/>
<c n="1EAF" v="1EAE"/>
<c n="1EB0" v="1EB1"/>
<c n="1EB1" v="1EB0"/>
<c n="1EB2" v="1EB3"/>
<c n="1EB3" v="1EB2"/>
<c n="1EB4" v="1EB5"/>
<c n="1EB5" v="1EB4"/>
<c n="1EB6" v="1EB7"/>
<c n="1EB7" v="1EB6"/>
<c n="1EB8" v="1EB9"/>
<c n="1EB9" v="1EB8"/>
<c n="1EBA" v="1EBB"/>
<c n="1EBB" v="1EBA"/>
<c n="1EBC" v="1EBD"/>
<c n="1EBD" v="1EBC"/>
<c n="1EBE" v="1EBF"/>
<c n="1EBF" v="1EBE"/>
<c n="1EC0" v="1EC1"/>
<c n="1EC1" v="1EC0"/>
<c n="1EC2" v="1EC3"/>
<c n="1EC3" v="1EC2"/>
<c n="1EC4" v="1EC5"/>
<c n="1EC5" v="1EC4"/>
<c n="1EC6" v="1EC7"/>
<c n="1EC7" v="1EC6"/>
<c n="1EC8" v="1EC9"/>
<c n="1EC9" v="1EC8"/>
<c n="1ECA" v="1ECB"/>
<c n="1ECB" v="1ECA"/>
<c n="1ECC" v="1ECD"/>
<c n="1ECD" v="1ECC"/>
<c n="1ECE" v="1ECF"/>
<c n="1ECF" v="1ECE"/>
<c n="1ED0" v="1ED1"/>
<c n="1ED1" v="1ED0"/>
<c n="1ED2" v="1ED3"/>
<c n="1ED3" v="1ED2"/>
<c n="1ED4" v="1ED5"/>
<c n="1ED5" v="1ED4"/>
<c n="1ED6" v="1ED7"/>
<c n="1ED7" v="1ED6"/>
<c n="1ED8" v="1ED9"/>
<c n="1ED9" v="1ED8"/>
<c n="1EDA" v="1EDB"/>
<c n="1EDB" v="1EDA"/>
<c n="1EDC" v="1EDD"/>
<c n="1EDD" v="1EDC"/>
<c n="1EDE" v="1EDF"/>
<c n="1EDF" v="1EDE"/>
<c n="1EE0" v="1EE1"/>
<c n="1EE1" v="1EE0"/>
<c n="1EE2" v="1EE3"/>
<c n="1EE3" v="1EE2"/>
<c n="1EE4" v="1EE5"/>
<c n="1EE5" v="1EE4"/>
<c n="1EE6" v="1EE7"/>
<c n="1EE7" v="1EE6"/>
<c n="1EE8" v="1EE9"/>
<c n="1EE9" v="1EE8"/>
<c n="1EEA" v="1EEB"/>
<c n="1EEB" v="1EEA"/>
<c n="1EEC" v="1EED"/>
<c n="1EED" v="1EEC"/>
<c n="1EEE" v="1EEF"/>
<c n="1EEF" v="1EEE"/>
<c n="1EF0" v="1EF1"/>
<c n="1EF1" v="1EF0"/>
<c n="1EF2" v="1EF3"/>
<c n="1EF3" v="1EF2"/>
<c n="1EF4" v="1EF5"/>
<c n="1EF5" v="1EF4"/>
<c n="1EF6" v="1EF7"/>
<c n="1EF7" v="1EF6"/>
<c n="1EF8" v="1EF9"/>
<c n="1EF9" v="1EF8"/>
<c n="1EFA" v="1EFB"/>
<c n="1EFB" v="1EFA"/>
<c n="1EFC" v="1EFD"/>
<c n="1EFD" v="1EFC"/>
<c n="1EFE" v="1EFF"/>
<c n="1EFF" v="1EFE"/>
<c n="1F00" v="1F08"/>
<c n="1F01" v="1F09"/>
<c n="1F02" v="1F0A"/>
<c n="1F03" v="1F0B"/>
<c n="1F04" v="1F0C"/>
<c n="1F05" v="1F0D"/>
<c n="1F06" v="1F0E"/>
<c n="1F07" v="1F0F"/>
<c n="1F08" v="1F00"/>
<c n="1F09" v="1F01"/>
<c n="1F0A" v="1F02"/>
<c n="1F0B" v="1F03"/>
<c n="1F0C" v="1F04"/>
<c n="1F0D" v="1F05"/>
<c n="1F0E" v="1F06"/>
<c n="1F0F" v="1F07"/>
<c n="1F10" v="1F18"/>
<c n="1F11" v="1F19"/>
<c n="1F12" v="1F1A"/>
<c n="1F13" v="1F1B"/>
<c n="1F14" v="1F1C"/>
<c n="1F15" v="1F1D"/>
<c n="1F18" v="1F10"/>
<c n="1F19" v="1F11"/>
<c n="1F1A" v="1F12"/>
<c n="1F1B" v="1F13"/>
<c n="1F1C" v="1F14"/>
<c n="1F1D" v="1F15"/>
<c n="1F20" v="1F28"/>
<c n="1F21" v="1F29"/>
<c n="1F22" v="1F2A"/>
<c n="1F23" v="1F2B"/>
<c n="1F24" v="1F2C"/>
<c n="1F25" v="1F2D"/>
<c n="1F26" v="1F2E"/>
<c n="1F27" v="1F2F"/>
<c n="1F28" v="1F20"/>
<c n="1F29" v="1F21"/>
<c n="1F2A" v="1F22"/>
<c n="1F2B" v="1F23"/>
<c n="1F2C" v="1F24"/>
<c n="1F2D" v="1F25"/>
<c n="1F2E" v="1F26"/>
<c n="1F2F" v="1F27"/>
<c n="1F30" v="1F38"/>
<c n="1F31" v="1F39"/>
<c n="1F32" v="1F3A"/>
<c n="1F33" v="1F3B"/>
<c n="1F34" v="1F3C"/>
<c n="1F35" v="1F3D"/>
<c n="1F36" v="1F3E"/>
<c n="1F37" v="1F3F"/>
<c n="1F38" v="1F30"/>
<c n="1F39" v="1F31"/>
<c n="1F3A" v="1F32"/>
<c n="1F3B" v="1F33"/>
<c n="1F3C" v="1F34"/>
<c n="1F3D" v="1F35"/>
<c n="1F3E" v="1F36"/>
<c n="1F3F" v="1F37"/>
<c n="1F40" v="1F48"/>
<c n="1F41" v="1F49"/>
<c n="1F42" v="1F4A"/>
<c n="1F43" v="1F4B"/>
<c n="1F44" v="1F4C"/>
<c n="1F45" v="1F4D"/>
<c n="1F48" v="1F40"/>
<c n="1F49" v="1F41"/>
<c n="1F4A" v="1F42"/>
<c n="1F4B" v="1F43"/>
<c n="1F4C" v="1F44"/>
<c n="1F4D" v="1F45"/>
<c n="1F51" v="1F59"/>
<c n="1F53" v="1F5B"/>
<c n="1F55" v="1F5D"/>
<c n="1F57" v="1F5F"/>
<c n="1F59" v="1F51"/>
<c n="1F5B" v="1F53"/>
<c n="1F5D" v="1F55"/>
<c n="1F5F" v="1F57"/>
<c n="1F60" v="1F68"/>
<c n="1F61" v="1F69"/>
<c n="1F62" v="1F6A"/>
<c n="1F63" v="1F6B"/>
<c n="1F64" v="1F6C"/>
<c n="1F65" v="1F6D"/>
<c n="1F66" v="1F6E"/>
<c n="1F67" v="1F6F"/>
<c n="1F68" v="1F60"/>
<c n="1F69" v="1F61"/>
<c n="1F6A" v="1F62"/>
<c n="1F6B" v="1F63"/>
<c n="1F6C" v="1F64"/>
<c n="1F6D" v="1F65"/>
<c n="1F6E" v="1F66"/>
<c n="1F6F" v="1F67"/>
<c n="1F70" v="1FBA"/>
<c n="1F71" v="1FBB"/>
<c n="1F72" v="1FC8"/>
<c n="1F73" v="1FC9"/>
<c n="1F74" v="1FCA"/>
<c n="1F75" v="1FCB"/>
<c n="1F76" v="1FDA"/>
<c n="1F77" v="1FDB"/>
<c n="1F78" v="1FF8"/>
<c n="1F79" v="1FF9"/>
<c n="1F7A" v="1FEA"/>
<c n="1F7B" v="1FEB"/>
<c n="1F7C" v="1FFA"/>
<c n="1F7D" v="1FFB"/>
<c n="1F80" v="1F88"/>
<c n="1F81" v="1F89"/>
<c n="1F82" v="1F8A"/>
<c n="1F83" v="1F8B"/>
<c n="1F84" v="1F8C"/>
<c n="1F85" v="1F8D"/>
<c n="1F86" v="1F8E"/>
<c n="1F87" v="1F8F"/>
<c n="1F88" v="1F80"/>
<c n="1F89" v="1F81"/>
<c n="1F8A" v="1F82"/>
<c n="1F8B" v="1F83"/>
<c n="1F8C" v="1F84"/>
<c n="1F8D" v="1F85"/>
<c n="1F8E" v="1F86"/>
<c n="1F8F" v="1F87"/>
<c n="1F90" v="1F98"/>
<c n="1F91" v="1F99"/>
<c n="1F92" v="1F9A"/>
<c n="1F93" v="1F9B"/>
<c n="1F94" v="1F9C"/>
<c n="1F95" v="1F9D"/>
<c n="1F96" v="1F9E"/>
<c n="1F97" v="1F9F"/>
<c n="1F98" v="1F90"/>
<c n="1F99" v="1F91"/>
<c n="1F9A" v="1F92"/>
<c n="1F9B" v="1F93"/>
<c n="1F9C" v="1F94"/>
<c n="1F9D" v="1F95"/>
<c n="1F9E" v="1F96"/>
<c n="1F9F" v="1F97"/>
<c n="1FA0" v="1FA8"/>
<c n="1FA1" v="1FA9"/>
<c n="1FA2" v="1FAA"/>
<c n="1FA3" v="1FAB"/>
<c n="1FA4" v="1FAC"/>
<c n="1FA5" v="1FAD"/>
<c n="1FA6" v="1FAE"/>
<c n="1FA7" v="1FAF"/>
<c n="1FA8" v="1FA0"/>
<c n="1FA9" v="1FA1"/>
<c n="1FAA" v="1FA2"/>
<c n="1FAB" v="1FA3"/>
<c n="1FAC" v="1FA4"/>
<c n="1FAD" v="1FA5"/>
<c n="1FAE" v="1FA6"/>
<c n="1FAF" v="1FA7"/>
<c n="1FB0" v="1FB8"/>
<c n="1FB1" v="1FB9"/>
<c n="1FB3" v="1FBC"/>
<c n="1FB8" v="1FB0"/>
<c n="1FB9" v="1FB1"/>
<c n="1FBA" v="1F70"/>
<c n="1FBB" v="1F71"/>
<c n="1FBC" v="1FB3"/>
<c n="1FBE" v="0345,0399,03B9"/>
<c n="1FC3" v="1FCC"/>
<c n="1FC8" v="1F72"/>
<c n="1FC9" v="1F73"/>
<c n="1FCA" v="1F74"/>
<c n="1FCB" v="1F75"/>
<c n="1FCC" v="1FC3"/>
<c n="1FD0" v="1FD8"/>
<c n="1FD1" v="1FD9"/>
<c n="1FD8" v="1FD0"/>
<c n="1FD9" v="1FD1"/>
<c n="1FDA" v="1F76"/>
<c n="1FDB" v="1F77"/>
<c n="1FE0" v="1FE8"/>
<c n="1FE1" v="1FE9"/>
<c n="1FE5" v="1FEC"/>
<c n="1FE8" v="1FE0"/>
<c n="1FE9" v="1FE1"/>
<c n="1FEA" v="1F7A"/>
<c n="1FEB" v="1F7B"/>
<c n="1FEC" v="1FE5"/>
<c n="1FF3" v="1FFC"/>
<c n="1FF8" v="1F78"/>
<c n="1FF9" v="1F79"/>
<c n="1FFA" v="1F7C"/>
<c n="1FFB" v="1F7D"/>
<c n="1FFC" v="1FF3"/>
<c n="2126" v="03A9,03C9"/>
<c n="212A" v="004B,006B"/>
<c n="212B" v="00C5,00E5"/>
<c n="2132" v="214E"/>
<c n="214E" v="2132"/>
<c n="2160" v="2170"/>
<c n="2161" v="2171"/>
<c n="2162" v="2172"/>
<c n="2163" v="2173"/>
<c n="2164" v="2174"/>
<c n="2165" v="2175"/>
<c n="2166" v="2176"/>
<c n="2167" v="2177"/>
<c n="2168" v="2178"/>
<c n="2169" v="2179"/>
<c n="216A" v="217A"/>
<c n="216B" v="217B"/>
<c n="216C" v="217C"/>
<c n="216D" v="217D"/>
<c n="216E" v="217E"/>
<c n="216F" v="217F"/>
<c n="2170" v="2160"/>
<c n="2171" v="2161"/>
<c n="2172" v="2162"/>
<c n="2173" v="2163"/>
<c n="2174" v="2164"/>
<c n="2175" v="2165"/>
<c n="2176" v="2166"/>
<c n="2177" v="2167"/>
<c n="2178" v="2168"/>
<c n="2179" v="2169"/>
<c n="217A" v="216A"/>
<c n="217B" v="216B"/>
<c n="217C" v="216C"/>
<c n="217D" v="216D"/>
<c n="217E" v="216E"/>
<c n="217F" v="216F"/>
<c n="2183" v="2184"/>
<c n="2184" v="2183"/>
<c n="24B6" v="24D0"/>
<c n="24B7" v="24D1"/>
<c n="24B8" v="24D2"/>
<c n="24B9" v="24D3"/>
<c n="24BA" v="24D4"/>
<c n="24BB" v="24D5"/>
<c n="24BC" v="24D6"/>
<c n="24BD" v="24D7"/>
<c n="24BE" v="24D8"/>
<c n="24BF" v="24D9"/>
<c n="24C0" v="24DA"/>
<c n="24C1" v="24DB"/>
<c n="24C2" v="24DC"/>
<c n="24C3" v="24DD"/>
<c n="24C4" v="24DE"/>
<c n="24C5" v="24DF"/>
<c n="24C6" v="24E0"/>
<c n="24C7" v="24E1"/>
<c n="24C8" v="24E2"/>
<c n="24C9" v="24E3"/>
<c n="24CA" v="24E4"/>
<c n="24CB" v="24E5"/>
<c n="24CC" v="24E6"/>
<c n="24CD" v="24E7"/>
<c n="24CE" v="24E8"/>
<c n="24CF" v="24E9"/>
<c n="24D0" v="24B6"/>
<c n="24D1" v="24B7"/>
<c n="24D2" v="24B8"/>
<c n="24D3" v="24B9"/>
<c n="24D4" v="24BA"/>
<c n="24D5" v="24BB"/>
<c n="24D6" v="24BC"/>
<c n="24D7" v="24BD"/>
<c n="24D8" v="24BE"/>
<c n="24D9" v="24BF"/>
<c n="24DA" v="24C0"/>
<c n="24DB" v="24C1"/>
<c n="24DC" v="24C2"/>
<c n="24DD" v="24C3"/>
<c n="24DE" v="24C4"/>
<c n="24DF" v="24C5"/>
<c n="24E0" v="24C6"/>
<c n="24E1" v="24C7"/>
<c n="24E2" v="24C8"/>
<c n="24E3" v="24C9"/>
<c n="24E4" v="24CA"/>
<c n="24E5" v="24CB"/>
<c n="24E6" v="24CC"/>
<c n="24E7" v="24CD"/>
<c n="24E8" v="24CE"/>
<c n="24E9" v="24CF"/>
<c n="2C00" v="2C30"/>
<c n="2C01" v="2C31"/>
<c n="2C02" v="2C32"/>
<c n="2C03" v="2C33"/>
<c n="2C04" v="2C34"/>
<c n="2C05" v="2C35"/>
<c n="2C06" v="2C36"/>
<c n="2C07" v="2C37"/>
<c n="2C08" v="2C38"/>
<c n="2C09" v="2C39"/>
<c n="2C0A" v="2C3A"/>
<c n="2C0B" v="2C3B"/>
<c n="2C0C" v="2C3C"/>
<c n="2C0D" v="2C3D"/>
<c n="2C0E" v="2C3E"/>
<c n="2C0F" v="2C3F"/>
<c n="2C10" v="2C40"/>
<c n="2C11" v="2C41"/>
<c n="2C12" v="2C42"/>
<c n="2C13" v="2C43"/>
<c n="2C14" v="2C44"/>
<c n="2C15" v="2C45"/>
<c n="2C16" v="2C46"/>
<c n="2C17" v="2C47"/>
<c n="2C18" v="2C48"/>
<c n="2C19" v="2C49"/>
<c n="2C1A" v="2C4A"/>
<c n="2C1B" v="2C4B"/>
<c n="2C1C" v="2C4C"/>
<c n="2C1D" v="2C4D"/>
<c n="2C1E" v="2C4E"/>
<c n="2C1F" v="2C4F"/>
<c n="2C20" v="2C50"/>
<c n="2C21" v="2C51"/>
<c n="2C22" v="2C52"/>
<c n="2C23" v="2C53"/>
<c n="2C24" v="2C54"/>
<c n="2C25" v="2C55"/>
<c n="2C26" v="2C56"/>
<c n="2C27" v="2C57"/>
<c n="2C28" v="2C58"/>
<c n="2C29" v="2C59"/>
<c n="2C2A" v="2C5A"/>
<c n="2C2B" v="2C5B"/>
<c n="2C2C" v="2C5C"/>
<c n="2C2D" v="2C5D"/>
<c n="2C2E" v="2C5E"/>
<c n="2C30" v="2C00"/>
<c n="2C31" v="2C01"/>
<c n="2C32" v="2C02"/>
<c n="2C33" v="2C03"/>
<c n="2C34" v="2C04"/>
<c n="2C35" v="2C05"/>
<c n="2C36" v="2C06"/>
<c n="2C37" v="2C07"/>
<c n="2C38" v="2C08"/>
<c n="2C39" v="2C09"/>
<c n="2C3A" v="2C0A"/>
<c n="2C3B" v="2C0B"/>
<c n="2C3C" v="2C0C"/>
<c n="2C3D" v="2C0D"/>
<c n="2C3E" v="2C0E"/>
<c n="2C3F" v="2C0F"/>
<c n="2C40" v="2C10"/>
<c n="2C41" v="2C11"/>
<c n="2C42" v="2C12"/>
<c n="2C43" v="2C13"/>
<c n="2C44" v="2C14"/>
<c n="2C45" v="2C15"/>
<c n="2C46" v="2C16"/>
<c n="2C47" v="2C17"/>
<c n="2C48" v="2C18"/>
<c n="2C49" v="2C19"/>
<c n="2C4A" v="2C1A"/>
<c n="2C4B" v="2C1B"/>
<c n="2C4C" v="2C1C"/>
<c n="2C4D" v="2C1D"/>
<c n="2C4E" v="2C1E"/>
<c n="2C4F" v="2C1F"/>
<c n="2C50" v="2C20"/>
<c n="2C51" v="2C21"/>
<c n="2C52" v="2C22"/>
<c n="2C53" v="2C23"/>
<c n="2C54" v="2C24"/>
<c n="2C55" v="2C25"/>
<c n="2C56" v="2C26"/>
<c n="2C57" v="2C27"/>
<c n="2C58" v="2C28"/>
<c n="2C59" v="2C29"/>
<c n="2C5A" v="2C2A"/>
<c n="2C5B" v="2C2B"/>
<c n="2C5C" v="2C2C"/>
<c n="2C5D" v="2C2D"/>
<c n="2C5E" v="2C2E"/>
<c n="2C60" v="2C61"/>
<c n="2C61" v="2C60"/>
<c n="2C62" v="026B"/>
<c n="2C63" v="1D7D"/>
<c n="2C64" v="027D"/>
<c n="2C65" v="023A"/>
<c n="2C66" v="023E"/>
<c n="2C67" v="2C68"/>
<c n="2C68" v="2C67"/>
<c n="2C69" v="2C6A"/>
<c n="2C6A" v="2C69"/>
<c n="2C6B" v="2C6C"/>
<c n="2C6C" v="2C6B"/>
<c n="2C6D" v="0251"/>
<c n="2C6E" v="0271"/>
<c n="2C6F" v="0250"/>
<c n="2C70" v="0252"/>
<c n="2C72" v="2C73"/>
<c n="2C73" v="2C72"/>
<c n="2C75" v="2C76"/>
<c n="2C76" v="2C75"/>
<c n="2C7E" v="023F"/>
<c n="2C7F" v="0240"/>
<c n="2C80" v="2C81"/>
<c n="2C81" v="2C80"/>
<c n="2C82" v="2C83"/>
<c n="2C83" v="2C82"/>
<c n="2C84" v="2C85"/>
<c n="2C85" v="2C84"/>
<c n="2C86" v="2C87"/>
<c n="2C87" v="2C86"/>
<c n="2C88" v="2C89"/>
<c n="2C89" v="2C88"/>
<c n="2C8A" v="2C8B"/>
<c n="2C8B" v="2C8A"/>
<c n="2C8C" v="2C8D"/>
<c n="2C8D" v="2C8C"/>
<c n="2C8E" v="2C8F"/>
<c n="2C8F" v="2C8E"/>
<c n="2C90" v="2C91"/>
<c n="2C91" v="2C90"/>
<c n="2C92" v="2C93"/>
<c n="2C93" v="2C92"/>
<c n="2C94" v="2C95"/>
<c n="2C95" v="2C94"/>
<c n="2C96" v="2C97"/>
<c n="2C97" v="2C96"/>
<c n="2C98" v="2C99"/>
<c n="2C99" v="2C98"/>
<c n="2C9A" v="2C9B"/>
<c n="2C9B" v="2C9A"/>
<c n="2C9C" v="2C9D"/>
<c n="2C9D" v="2C9C"/>
<c n="2C9E" v="2C9F"/>
<c n="2C9F" v="2C9E"/>
<c n="2CA0" v="2CA1"/>
<c n="2CA1" v="2CA0"/>
<c n="2CA2" v="2CA3"/>
<c n="2CA3" v="2CA2"/>
<c n="2CA4" v="2CA5"/>
<c n="2CA5" v="2CA4"/>
<c n="2CA6" v="2CA7"/>
<c n="2CA7" v="2CA6"/>
<c n="2CA8" v="2CA9"/>
<c n="2CA9" v="2CA8"/>
<c n="2CAA" v="2CAB"/>
<c n="2CAB" v="2CAA"/>
<c n="2CAC" v="2CAD"/>
<c n="2CAD" v="2CAC"/>
<c n="2CAE" v="2CAF"/>
<c n="2CAF" v="2CAE"/>
<c n="2CB0" v="2CB1"/>
<c n="2CB1" v="2CB0"/>
<c n="2CB2" v="2CB3"/>
<c n="2CB3" v="2CB2"/>
<c n="2CB4" v="2CB5"/>
<c n="2CB5" v="2CB4"/>
<c n="2CB6" v="2CB7"/>
<c n="2CB7" v="2CB6"/>
<c n="2CB8" v="2CB9"/>
<c n="2CB9" v="2CB8"/>
<c n="2CBA" v="2CBB"/>
<c n="2CBB" v="2CBA"/>
<c n="2CBC" v="2CBD"/>
<c n="2CBD" v="2CBC"/>
<c n="2CBE" v="2CBF"/>
<c n="2CBF" v="2CBE"/>
<c n="2CC0" v="2CC1"/>
<c n="2CC1" v="2CC0"/>
<c n="2CC2" v="2CC3"/>
<c n="2CC3" v="2CC2"/>
<c n="2CC4" v="2CC5"/>
<c n="2CC5" v="2CC4"/>
<c n="2CC6" v="2CC7"/>
<c n="2CC7" v="2CC6"/>
<c n="2CC8" v="2CC9"/>
<c n="2CC9" v="2CC8"/>
<c n="2CCA" v="2CCB"/>
<c n="2CCB" v="2CCA"/>
<c n="2CCC" v="2CCD"/>
<c n="2CCD" v="2CCC"/>
<c n="2CCE" v="2CCF"/>
<c n="2CCF" v="2CCE"/>
<c n="2CD0" v="2CD1"/>
<c n="2CD1" v="2CD0"/>
<c n="2CD2" v="2CD3"/>
<c n="2CD3" v="2CD2"/>
<c n="2CD4" v="2CD5"/>
<c n="2CD5" v="2CD4"/>
<c n="2CD6" v="2CD7"/>
<c n="2CD7" v="2CD6"/>
<c n="2CD8" v="2CD9"/>
<c n="2CD9" v="2CD8"/>
<c n="2CDA" v="2CDB"/>
<c n="2CDB" v="2CDA"/>
<c n="2CDC" v="2CDD"/>
<c n="2CDD" v="2CDC"/>
<c n="2CDE" v="2CDF"/>
<c n="2CDF" v="2CDE"/>
<c n="2CE0" v="2CE1"/>
<c n="2CE1" v="2CE0"/>
<c n="2CE2" v="2CE3"/>
<c n="2CE3" v="2CE2"/>
<c n="2CEB" v="2CEC"/>
<c n="2CEC" v="2CEB"/>
<c n="2CED" v="2CEE"/>
<c n="2CEE" v="2CED"/>
<c n="2CF2" v="2CF3"/>
<c n="2CF3" v="2CF2"/>
<c n="2D00" v="10A0"/>
<c n="2D01" v="10A1"/>
<c n="2D02" v="10A2"/>
<c n="2D03" v="10A3"/>
<c n="2D04" v="10A4"/>
<c n="2D05" v="10A5"/>
<c n="2D06" v="10A6"/>
<c n="2D07" v="10A7"/>
<c n="2D08" v="10A8"/>
<c n="2D09" v="10A9"/>
<c n="2D0A" v="10AA"/>
<c n="2D0B" v="10AB"/>
<c n="2D0C" v="10AC"/>
<c n="2D0D" v="10AD"/>
<c n="2D0E" v="10AE"/>
<c n="2D0F" v="10AF"/>
<c n="2D10" v="10B0"/>
<c n="2D11" v="10B1"/>
<c n="2D12" v="10B2"/>
<c n="2D13" v="10B3"/>
<c n="2D14" v="10B4"/>
<c n="2D15" v="10B5"/>
<c n="2D16" v="10B6"/>
<c n="2D17" v="10B7"/>
<c n="2D18" v="10B8"/>
<c n="2D19" v="10B9"/>
<c n="2D1A" v="10BA"/>
<c n="2D1B" v="10BB"/>
<c n="2D1C" v="10BC"/>
<c n="2D1D" v="10BD"/>
<c n="2D1E" v="10BE"/>
<c n="2D1F" v="10BF"/>
<c n="2D20" v="10C0"/>
<c n="2D21" v="10C1"/>
<c n="2D22" v="10C2"/>
<c n="2D23" v="10C3"/>
<c n="2D24" v="10C4"/>
<c n="2D25" v="10C5"/>
<c n="2D27" v="10C7"/>
<c n="2D2D" v="10CD"/>
<c n="A640" v="A641"/>
<c n="A641" v="A640"/>
<c n="A642" v="A643"/>
<c n="A643" v="A642"/>
<c n="A644" v="A645"/>
<c n="A645" v="A644"/>
<c n="A646" v="A647"/>
<c n="A647" v="A646"/>
<c n="A648" v="A649"/>
<c n="A649" v="A648"/>
<c n="A64A" v="A64B"/>
<c n="A64B" v="A64A"/>
<c n="A64C" v="A64D"/>
<c n="A64D" v="A64C"/>
<c n="A64E" v="A64F"/>
<c n="A64F" v="A64E"/>
<c n="A650" v="A651"/>
<c n="A651" v="A650"/>
<c n="A652" v="A653"/>
<c n="A653" v="A652"/>
<c n="A654" v="A655"/>
<c n="A655" v="A654"/>
<c n="A656" v="A657"/>
<c n="A657" v="A656"/>
<c n="A658" v="A659"/>
<c n="A659" v="A658"/>
<c n="A65A" v="A65B"/>
<c n="A65B" v="A65A"/>
<c n="A65C" v="A65D"/>
<c n="A65D" v="A65C"/>
<c n="A65E" v="A65F"/>
<c n="A65F" v="A65E"/>
<c n="A660" v="A661"/>
<c n="A661" v="A660"/>
<c n="A662" v="A663"/>
<c n="A663" v="A662"/>
<c n="A664" v="A665"/>
<c n="A665" v="A664"/>
<c n="A666" v="A667"/>
<c n="A667" v="A666"/>
<c n="A668" v="A669"/>
<c n="A669" v="A668"/>
<c n="A66A" v="A66B"/>
<c n="A66B" v="A66A"/>
<c n="A66C" v="A66D"/>
<c n="A66D" v="A66C"/>
<c n="A680" v="A681"/>
<c n="A681" v="A680"/>
<c n="A682" v="A683"/>
<c n="A683" v="A682"/>
<c n="A684" v="A685"/>
<c n="A685" v="A684"/>
<c n="A686" v="A687"/>
<c n="A687" v="A686"/>
<c n="A688" v="A689"/>
<c n="A689" v="A688"/>
<c n="A68A" v="A68B"/>
<c n="A68B" v="A68A"/>
<c n="A68C" v="A68D"/>
<c n="A68D" v="A68C"/>
<c n="A68E" v="A68F"/>
<c n="A68F" v="A68E"/>
<c n="A690" v="A691"/>
<c n="A691" v="A690"/>
<c n="A692" v="A693"/>
<c n="A693" v="A692"/>
<c n="A694" v="A695"/>
<c n="A695" v="A694"/>
<c n="A696" v="A697"/>
<c n="A697" v="A696"/>
<c n="A722" v="A723"/>
<c n="A723" v="A722"/>
<c n="A724" v="A725"/>
<c n="A725" v="A724"/>
<c n="A726" v="A727"/>
<c n="A727" v="A726"/>
<c n="A728" v="A729"/>
<c n="A729" v="A728"/>
<c n="A72A" v="A72B"/>
<c n="A72B" v="A72A"/>
<c n="A72C" v="A72D"/>
<c n="A72D" v="A72C"/>
<c n="A72E" v="A72F"/>
<c n="A72F" v="A72E"/>
<c n="A732" v="A733"/>
<c n="A733" v="A732"/>
<c n="A734" v="A735"/>
<c n="A735" v="A734"/>
<c n="A736" v="A737"/>
<c n="A737" v="A736"/>
<c n="A738" v="A739"/>
<c n="A739" v="A738"/>
<c n="A73A" v="A73B"/>
<c n="A73B" v="A73A"/>
<c n="A73C" v="A73D"/>
<c n="A73D" v="A73C"/>
<c n="A73E" v="A73F"/>
<c n="A73F" v="A73E"/>
<c n="A740" v="A741"/>
<c n="A741" v="A740"/>
<c n="A742" v="A743"/>
<c n="A743" v="A742"/>
<c n="A744" v="A745"/>
<c n="A745" v="A744"/>
<c n="A746" v="A747"/>
<c n="A747" v="A746"/>
<c n="A748" v="A749"/>
<c n="A749" v="A748"/>
<c n="A74A" v="A74B"/>
<c n="A74B" v="A74A"/>
<c n="A74C" v="A74D"/>
<c n="A74D" v="A74C"/>
<c n="A74E" v="A74F"/>
<c n="A74F" v="A74E"/>
<c n="A750" v="A751"/>
<c n="A751" v="A750"/>
<c n="A752" v="A753"/>
<c n="A753" v="A752"/>
<c n="A754" v="A755"/>
<c n="A755" v="A754"/>
<c n="A756" v="A757"/>
<c n="A757" v="A756"/>
<c n="A758" v="A759"/>
<c n="A759" v="A758"/>
<c n="A75A" v="A75B"/>
<c n="A75B" v="A75A"/>
<c n="A75C" v="A75D"/>
<c n="A75D" v="A75C"/>
<c n="A75E" v="A75F"/>
<c n="A75F" v="A75E"/>
<c n="A760" v="A761"/>
<c n="A761" v="A760"/>
<c n="A762" v="A763"/>
<c n="A763" v="A762"/>
<c n="A764" v="A765"/>
<c n="A765" v="A764"/>
<c n="A766" v="A767"/>
<c n="A767" v="A766"/>
<c n="A768" v="A769"/>
<c n="A769" v="A768"/>
<c n="A76A" v="A76B"/>
<c n="A76B" v="A76A"/>
<c n="A76C" v="A76D"/>
<c n="A76D" v="A76C"/>
<c n="A76E" v="A76F"/>
<c n="A76F" v="A76E"/>
<c n="A779" v="A77A"/>
<c n="A77A" v="A779"/>
<c n="A77B" v="A77C"/>
<c n="A77C" v="A77B"/>
<c n="A77D" v="1D79"/>
<c n="A77E" v="A77F"/>
<c n="A77F" v="A77E"/>
<c n="A780" v="A781"/>
<c n="A781" v="A780"/>
<c n="A782" v="A783"/>
<c n="A783" v="A782"/>
<c n="A784" v="A785"/>
<c n="A785" v="A784"/>
<c n="A786" v="A787"/>
<c n="A787" v="A786"/>
<c n="A78B" v="A78C"/>
<c n="A78C" v="A78B"/>
<c n="A78D" v="0265"/>
<c n="A790" v="A791"/>
<c n="A791" v="A790"/>
<c n="A792" v="A793"/>
<c n="A793" v="A792"/>
<c n="A7A0" v="A7A1"/>
<c n="A7A1" v="A7A0"/>
<c n="A7A2" v="A7A3"/>
<c n="A7A3" v="A7A2"/>
<c n="A7A4" v="A7A5"/>
<c n="A7A5" v="A7A4"/>
<c n="A7A6" v="A7A7"/>
<c n="A7A7" v="A7A6"/>
<c n="A7A8" v="A7A9"/>
<c n="A7A9" v="A7A8"/>
<c n="A7AA" v="0266"/>
<c n="FF21" v="FF41"/>
<c n="FF22" v="FF42"/>
<c n="FF23" v="FF43"/>
<c n="FF24" v="FF44"/>
<c n="FF25" v="FF45"/>
<c n="FF26" v="FF46"/>
<c n="FF27" v="FF47"/>
<c n="FF28" v="FF48"/>
<c n="FF29" v="FF49"/>
<c n="FF2A" v="FF4A"/>
<c n="FF2B" v="FF4B"/>
<c n="FF2C" v="FF4C"/>
<c n="FF2D" v="FF4D"/>
<c n="FF2E" v="FF4E"/>
<c n="FF2F" v="FF4F"/>
<c n="FF30" v="FF50"/>
<c n="FF31" v="FF51"/>
<c n="FF32" v="FF52"/>
<c n="FF33" v="FF53"/>
<c n="FF34" v="FF54"/>
<c n="FF35" v="FF55"/>
<c n="FF36" v="FF56"/>
<c n="FF37" v="FF57"/>
<c n="FF38" v="FF58"/>
<c n="FF39" v="FF59"/>
<c n="FF3A" v="FF5A"/>
<c n="FF41" v="FF21"/>
<c n="FF42" v="FF22"/>
<c n="FF43" v="FF23"/>
<c n="FF44" v="FF24"/>
<c n="FF45" v="FF25"/>
<c n="FF46" v="FF26"/>
<c n="FF47" v="FF27"/>
<c n="FF48" v="FF28"/>
<c n="FF49" v="FF29"/>
<c n="FF4A" v="FF2A"/>
<c n="FF4B" v="FF2B"/>
<c n="FF4C" v="FF2C"/>
<c n="FF4D" v="FF2D"/>
<c n="FF4E" v="FF2E"/>
<c n="FF4F" v="FF2F"/>
<c n="FF50" v="FF30"/>
<c n="FF51" v="FF31"/>
<c n="FF52" v="FF32"/>
<c n="FF53" v="FF33"/>
<c n="FF54" v="FF34"/>
<c n="FF55" v="FF35"/>
<c n="FF56" v="FF36"/>
<c n="FF57" v="FF37"/>
<c n="FF58" v="FF38"/>
<c n="FF59" v="FF39"/>
<c n="FF5A" v="FF3A"/>
<c n="10400" v="10428"/>
<c n="10401" v="10429"/>
<c n="10402" v="1042A"/>
<c n="10403" v="1042B"/>
<c n="10404" v="1042C"/>
<c n="10405" v="1042D"/>
<c n="10406" v="1042E"/>
<c n="10407" v="1042F"/>
<c n="10408" v="10430"/>
<c n="10409" v="10431"/>
<c n="1040A" v="10432"/>
<c n="1040B" v="10433"/>
<c n="1040C" v="10434"/>
<c n="1040D" v="10435"/>
<c n="1040E" v="10436"/>
<c n="1040F" v="10437"/>
<c n="10410" v="10438"/>
<c n="10411" v="10439"/>
<c n="10412" v="1043A"/>
<c n="10413" v="1043B"/>
<c n="10414" v="1043C"/>
<c n="10415" v="1043D"/>
<c n="10416" v="1043E"/>
<c n="10417" v="1043F"/>
<c n="10418" v="10440"/>
<c n="10419" v="10441"/>
<c n="1041A" v="10442"/>
<c n="1041B" v="10443"/>
<c n="1041C" v="10444"/>
<c n="1041D" v="10445"/>
<c n="1041E" v="10446"/>
<c n="1041F" v="10447"/>
<c n="10420" v="10448"/>
<c n="10421" v="10449"/>
<c n="10422" v="1044A"/>
<c n="10423" v="1044B"/>
<c n="10424" v="1044C"/>
<c n="10425" v="1044D"/>
<c n="10426" v="1044E"/>
<c n="10427" v="1044F"/>
<c n="10428" v="10400"/>
<c n="10429" v="10401"/>
<c n="1042A" v="10402"/>
<c n="1042B" v="10403"/>
<c n="1042C" v="10404"/>
<c n="1042D" v="10405"/>
<c n="1042E" v="10406"/>
<c n="1042F" v="10407"/>
<c n="10430" v="10408"/>
<c n="10431" v="10409"/>
<c n="10432" v="1040A"/>
<c n="10433" v="1040B"/>
<c n="10434" v="1040C"/>
<c n="10435" v="1040D"/>
<c n="10436" v="1040E"/>
<c n="10437" v="1040F"/>
<c n="10438" v="10410"/>
<c n="10439" v="10411"/>
<c n="1043A" v="10412"/>
<c n="1043B" v="10413"/>
<c n="1043C" v="10414"/>
<c n="1043D" v="10415"/>
<c n="1043E" v="10416"/>
<c n="1043F" v="10417"/>
<c n="10440" v="10418"/>
<c n="10441" v="10419"/>
<c n="10442" v="1041A"/>
<c n="10443" v="1041B"/>
<c n="10444" v="1041C"/>
<c n="10445" v="1041D"/>
<c n="10446" v="1041E"/>
<c n="10447" v="1041F"/>
<c n="10448" v="10420"/>
<c n="10449" v="10421"/>
<c n="1044A" v="10422"/>
<c n="1044B" v="10423"/>
<c n="1044C" v="10424"/>
<c n="1044D" v="10425"/>
<c n="1044E" v="10426"/>
<c n="1044F" v="10427"/>
</variants>